{
    "loss": 8.428023338317871,
    "accuracy": 0.5827338099479675
}