{
    "loss": 3.4204447269439697,
    "accuracy": 0.8273381590843201
}