{
    "loss": 12.61634349822998,
    "accuracy": 0.5467625856399536
}